Round,GP Name,Track,Driver No,Driver,Team,Stop,Lap,Duration(s)
1,Gulf Air Bahrain GP,Bahrain,1,Max Verstappen,Red Bull,1,17,25.064
1,Gulf Air Bahrain GP,Bahrain,1,Max Verstappen,Red Bull,2,37,24.209
1,Gulf Air Bahrain GP,Bahrain,2,Logan Sargeant,Williams,1,10,35.729
1,Gulf Air Bahrain GP,Bahrain,2,Logan Sargeant,Williams,2,28,25.07
1,Gulf Air Bahrain GP,Bahrain,2,Logan Sargeant,Williams,3,40,25.346
1,Gulf Air Bahrain GP,Bahrain,3,Daniel Ricciardo,RB,1,13,24.988
1,Gulf Air Bahrain GP,Bahrain,3,Daniel Ricciardo,RB,2,35,24.856
1,Gulf Air Bahrain GP,Bahrain,4,Lando Norris,McLaren,1,13,24.205
1,Gulf Air Bahrain GP,Bahrain,4,Lando Norris,McLaren,2,33,24.705
1,Gulf Air Bahrain GP,Bahrain,10,Pierre Gasly,Alpine,1,12,29.98
1,Gulf Air Bahrain GP,Bahrain,10,Pierre Gasly,Alpine,2,31,26.462
1,Gulf Air Bahrain GP,Bahrain,10,Pierre Gasly,Alpine,3,43,25.24
1,Gulf Air Bahrain GP,Bahrain,11,Sergio Perez,Red Bull,1,12,24.516
1,Gulf Air Bahrain GP,Bahrain,11,Sergio Perez,Red Bull,2,36,24.563
1,Gulf Air Bahrain GP,Bahrain,14,Fernando Alonso,Aston Martin,1,15,24.786
1,Gulf Air Bahrain GP,Bahrain,14,Fernando Alonso,Aston Martin,2,41,25.109
1,Gulf Air Bahrain GP,Bahrain,16,Charles Leclerc,Ferrari,1,11,24.069
1,Gulf Air Bahrain GP,Bahrain,16,Charles Leclerc,Ferrari,2,34,24.136
1,Gulf Air Bahrain GP,Bahrain,18,Lance Stroll,Aston Martin,1,9,24.418
1,Gulf Air Bahrain GP,Bahrain,18,Lance Stroll,Aston Martin,2,27,24.545
1,Gulf Air Bahrain GP,Bahrain,20,Kevin Magnussen,Haas,1,11,25.951
1,Gulf Air Bahrain GP,Bahrain,20,Kevin Magnussen,Haas,2,32,24.446
1,Gulf Air Bahrain GP,Bahrain,22,Yuki Tsunoda,RB,1,14,24.724
1,Gulf Air Bahrain GP,Bahrain,22,Yuki Tsunoda,RB,2,34,24.324
1,Gulf Air Bahrain GP,Bahrain,23,Alexander Albon,Williams,1,15,24.681
1,Gulf Air Bahrain GP,Bahrain,23,Alexander Albon,Williams,2,36,24.61
1,Gulf Air Bahrain GP,Bahrain,24,Guanyu Zhou,Kick Sauber,1,9,25.208
1,Gulf Air Bahrain GP,Bahrain,24,Guanyu Zhou,Kick Sauber,2,28,25.094
1,Gulf Air Bahrain GP,Bahrain,27,Nico Hulkenberg,Haas,1,1,36.604
1,Gulf Air Bahrain GP,Bahrain,27,Nico Hulkenberg,Haas,2,20,24.768
1,Gulf Air Bahrain GP,Bahrain,27,Nico Hulkenberg,Haas,3,41,24.387
1,Gulf Air Bahrain GP,Bahrain,31,Esteban Ocon,Alpine,1,10,24.877
1,Gulf Air Bahrain GP,Bahrain,31,Esteban Ocon,Alpine,2,30,25.145
1,Gulf Air Bahrain GP,Bahrain,44,Lewis Hamilton,Mercedes,1,12,25.087
1,Gulf Air Bahrain GP,Bahrain,44,Lewis Hamilton,Mercedes,2,33,24.094
1,Gulf Air Bahrain GP,Bahrain,55,Carlos Sainz,Ferrari,1,14,24.474
1,Gulf Air Bahrain GP,Bahrain,55,Carlos Sainz,Ferrari,2,35,23.866
1,Gulf Air Bahrain GP,Bahrain,63,George Russell,Mercedes,1,11,24.778
1,Gulf Air Bahrain GP,Bahrain,63,George Russell,Mercedes,2,31,24.866
1,Gulf Air Bahrain GP,Bahrain,77,Valtteri Bottas,Kick Sauber,1,12,26.42
1,Gulf Air Bahrain GP,Bahrain,77,Valtteri Bottas,Kick Sauber,2,30,74.773
1,Gulf Air Bahrain GP,Bahrain,81,Oscar Piastri,McLaren,1,12,25.45
1,Gulf Air Bahrain GP,Bahrain,81,Oscar Piastri,McLaren,2,34,24.852
2,STC Saudi Arabian GP,Saudi Arabia,1,Max Verstappen,Red Bull,1,7,20.607
2,STC Saudi Arabian GP,Saudi Arabia,2,Logan Sargeant,Williams,1,7,23.645
2,STC Saudi Arabian GP,Saudi Arabia,3,Daniel Ricciardo,RB,1,7,63.364
2,STC Saudi Arabian GP,Saudi Arabia,4,Lando Norris,McLaren,1,37,22.211
2,STC Saudi Arabian GP,Saudi Arabia,11,Sergio Perez,Red Bull,1,7,22.196
2,STC Saudi Arabian GP,Saudi Arabia,14,Fernando Alonso,Aston Martin,1,7,22.129
2,STC Saudi Arabian GP,Saudi Arabia,16,Charles Leclerc,Ferrari,1,7,23.419
2,STC Saudi Arabian GP,Saudi Arabia,20,Kevin Magnussen,Haas,1,7,21.46
2,STC Saudi Arabian GP,Saudi Arabia,22,Yuki Tsunoda,RB,1,7,21.694
2,STC Saudi Arabian GP,Saudi Arabia,23,Alexander Albon,Williams,1,7,21.723
2,STC Saudi Arabian GP,Saudi Arabia,24,Guanyu Zhou,Kick Sauber,1,41,46.381
2,STC Saudi Arabian GP,Saudi Arabia,27,Nico Hulkenberg,Haas,1,33,21.035
2,STC Saudi Arabian GP,Saudi Arabia,31,Esteban Ocon,Alpine,1,7,22.502
2,STC Saudi Arabian GP,Saudi Arabia,38,Oliver James Bearman,Ferrari,1,7,22.457
2,STC Saudi Arabian GP,Saudi Arabia,44,Lewis Hamilton,Mercedes,1,36,20.17
2,STC Saudi Arabian GP,Saudi Arabia,63,George Russell,Mercedes,1,7,21.013
2,STC Saudi Arabian GP,Saudi Arabia,77,Valtteri Bottas,Kick Sauber,1,7,22.795
2,STC Saudi Arabian GP,Saudi Arabia,77,Valtteri Bottas,Kick Sauber,2,35,23.281
2,STC Saudi Arabian GP,Saudi Arabia,81,Oscar Piastri,McLaren,1,7,21.427
3,Rolex Australian GP,Australia,3,Daniel Ricciardo,RB,1,5,18.265
3,Rolex Australian GP,Australia,3,Daniel Ricciardo,RB,2,29,17.751
3,Rolex Australian GP,Australia,4,Lando Norris,McLaren,1,14,17.776
3,Rolex Australian GP,Australia,4,Lando Norris,McLaren,2,40,17.653
3,Rolex Australian GP,Australia,10,Pierre Gasly,Alpine,1,17,20.316
3,Rolex Australian GP,Australia,10,Pierre Gasly,Alpine,2,41,17.682
3,Rolex Australian GP,Australia,11,Sergio Perez,Red Bull,1,14,18.112
3,Rolex Australian GP,Australia,11,Sergio Perez,Red Bull,2,35,17.222
3,Rolex Australian GP,Australia,14,Fernando Alonso,Aston Martin,1,17,18.16
3,Rolex Australian GP,Australia,14,Fernando Alonso,Aston Martin,2,41,17.995
3,Rolex Australian GP,Australia,16,Charles Leclerc,Ferrari,1,9,17.409
3,Rolex Australian GP,Australia,16,Charles Leclerc,Ferrari,2,34,17.308
3,Rolex Australian GP,Australia,18,Lance Stroll,Aston Martin,1,8,17.901
3,Rolex Australian GP,Australia,18,Lance Stroll,Aston Martin,2,37,17.977
3,Rolex Australian GP,Australia,20,Kevin Magnussen,Haas,1,7,18.301
3,Rolex Australian GP,Australia,20,Kevin Magnussen,Haas,2,33,18.151
3,Rolex Australian GP,Australia,22,Yuki Tsunoda,RB,1,9,18.523
3,Rolex Australian GP,Australia,22,Yuki Tsunoda,RB,2,36,17.535
3,Rolex Australian GP,Australia,23,Alexander Albon,Williams,1,6,17.755
3,Rolex Australian GP,Australia,23,Alexander Albon,Williams,2,27,17.745
3,Rolex Australian GP,Australia,24,Guanyu Zhou,Kick Sauber,1,6,19.032
3,Rolex Australian GP,Australia,24,Guanyu Zhou,Kick Sauber,2,35,36.866
3,Rolex Australian GP,Australia,27,Nico Hulkenberg,Haas,1,17,18.32
3,Rolex Australian GP,Australia,27,Nico Hulkenberg,Haas,2,35,18.145
3,Rolex Australian GP,Australia,31,Esteban Ocon,Alpine,1,9,18.287
3,Rolex Australian GP,Australia,31,Esteban Ocon,Alpine,2,16,30.626
3,Rolex Australian GP,Australia,31,Esteban Ocon,Alpine,3,42,18.007
3,Rolex Australian GP,Australia,44,Lewis Hamilton,Mercedes,1,7,17.596
3,Rolex Australian GP,Australia,55,Carlos Sainz,Ferrari,1,16,17.599
3,Rolex Australian GP,Australia,55,Carlos Sainz,Ferrari,2,41,17.74
3,Rolex Australian GP,Australia,63,George Russell,Mercedes,1,8,18.046
3,Rolex Australian GP,Australia,63,George Russell,Mercedes,2,45,17.964
3,Rolex Australian GP,Australia,77,Valtteri Bottas,Kick Sauber,1,8,46.969
3,Rolex Australian GP,Australia,77,Valtteri Bottas,Kick Sauber,2,36,18.938
3,Rolex Australian GP,Australia,81,Oscar Piastri,McLaren,1,9,17.573
3,Rolex Australian GP,Australia,81,Oscar Piastri,McLaren,2,39,18.533
4,MSC Cruises Japanese GP,Japan,1,Max Verstappen,Red Bull,1,1,1575.603
4,MSC Cruises Japanese GP,Japan,1,Max Verstappen,Red Bull,2,16,23.177
4,MSC Cruises Japanese GP,Japan,1,Max Verstappen,Red Bull,3,34,23.234
4,MSC Cruises Japanese GP,Japan,2,Logan Sargeant,Williams,1,1,1585.267
4,MSC Cruises Japanese GP,Japan,2,Logan Sargeant,Williams,2,22,25.53
4,MSC Cruises Japanese GP,Japan,2,Logan Sargeant,Williams,3,34,24.22
4,MSC Cruises Japanese GP,Japan,2,Logan Sargeant,Williams,4,41,23.287
4,MSC Cruises Japanese GP,Japan,4,Lando Norris,McLaren,1,1,1580.116
4,MSC Cruises Japanese GP,Japan,4,Lando Norris,McLaren,2,11,23.049
4,MSC Cruises Japanese GP,Japan,4,Lando Norris,McLaren,3,26,23.232
4,MSC Cruises Japanese GP,Japan,10,Pierre Gasly,Alpine,1,1,1586.793
4,MSC Cruises Japanese GP,Japan,10,Pierre Gasly,Alpine,2,16,23.844
4,MSC Cruises Japanese GP,Japan,10,Pierre Gasly,Alpine,3,32,23.102
4,MSC Cruises Japanese GP,Japan,11,Sergio Perez,Red Bull,1,1,1577.661
4,MSC Cruises Japanese GP,Japan,11,Sergio Perez,Red Bull,2,15,22.99
4,MSC Cruises Japanese GP,Japan,11,Sergio Perez,Red Bull,3,33,22.956
4,MSC Cruises Japanese GP,Japan,14,Fernando Alonso,Aston Martin,1,1,1580.924
4,MSC Cruises Japanese GP,Japan,14,Fernando Alonso,Aston Martin,2,13,22.998
4,MSC Cruises Japanese GP,Japan,14,Fernando Alonso,Aston Martin,3,33,23.157
4,MSC Cruises Japanese GP,Japan,16,Charles Leclerc,Ferrari,1,1,1583.333
4,MSC Cruises Japanese GP,Japan,16,Charles Leclerc,Ferrari,2,26,23.285
4,MSC Cruises Japanese GP,Japan,18,Lance Stroll,Aston Martin,1,1,1585.911
4,MSC Cruises Japanese GP,Japan,18,Lance Stroll,Aston Martin,2,12,23.358
4,MSC Cruises Japanese GP,Japan,18,Lance Stroll,Aston Martin,3,22,23.238
4,MSC Cruises Japanese GP,Japan,18,Lance Stroll,Aston Martin,4,34,22.911
4,MSC Cruises Japanese GP,Japan,20,Kevin Magnussen,Haas,1,1,1584.63
4,MSC Cruises Japanese GP,Japan,20,Kevin Magnussen,Haas,2,22,26.198
4,MSC Cruises Japanese GP,Japan,22,Yuki Tsunoda,RB,1,1,1584.553
4,MSC Cruises Japanese GP,Japan,22,Yuki Tsunoda,RB,2,7,23.358
4,MSC Cruises Japanese GP,Japan,22,Yuki Tsunoda,RB,3,22,23.486
4,MSC Cruises Japanese GP,Japan,24,Guanyu Zhou,Kick Sauber,1,1,1582.912
4,MSC Cruises Japanese GP,Japan,24,Guanyu Zhou,Kick Sauber,2,7,23.91
4,MSC Cruises Japanese GP,Japan,24,Guanyu Zhou,Kick Sauber,3,11,26.653
4,MSC Cruises Japanese GP,Japan,27,Nico Hulkenberg,Haas,1,1,1580.886
4,MSC Cruises Japanese GP,Japan,27,Nico Hulkenberg,Haas,2,5,23.622
4,MSC Cruises Japanese GP,Japan,27,Nico Hulkenberg,Haas,3,33,23.993
4,MSC Cruises Japanese GP,Japan,31,Esteban Ocon,Alpine,1,1,1586.095
4,MSC Cruises Japanese GP,Japan,31,Esteban Ocon,Alpine,2,19,23.394
4,MSC Cruises Japanese GP,Japan,31,Esteban Ocon,Alpine,3,33,24.181
4,MSC Cruises Japanese GP,Japan,44,Lewis Hamilton,Mercedes,1,1,1580.696
4,MSC Cruises Japanese GP,Japan,44,Lewis Hamilton,Mercedes,2,23,23.333
4,MSC Cruises Japanese GP,Japan,44,Lewis Hamilton,Mercedes,3,39,23.956
4,MSC Cruises Japanese GP,Japan,55,Carlos Sainz,Ferrari,1,1,1580.097
4,MSC Cruises Japanese GP,Japan,55,Carlos Sainz,Ferrari,2,15,23.136
4,MSC Cruises Japanese GP,Japan,55,Carlos Sainz,Ferrari,3,36,23.591
4,MSC Cruises Japanese GP,Japan,63,George Russell,Mercedes,1,1,1581.238
4,MSC Cruises Japanese GP,Japan,63,George Russell,Mercedes,2,22,23.577
4,MSC Cruises Japanese GP,Japan,63,George Russell,Mercedes,3,37,22.991
4,MSC Cruises Japanese GP,Japan,77,Valtteri Bottas,Kick Sauber,1,1,1582.542
4,MSC Cruises Japanese GP,Japan,77,Valtteri Bottas,Kick Sauber,2,6,24.824
4,MSC Cruises Japanese GP,Japan,77,Valtteri Bottas,Kick Sauber,3,22,25.946
4,MSC Cruises Japanese GP,Japan,81,Oscar Piastri,McLaren,1,1,1580.204
4,MSC Cruises Japanese GP,Japan,81,Oscar Piastri,McLaren,2,12,23.42
4,MSC Cruises Japanese GP,Japan,81,Oscar Piastri,McLaren,3,32,22.848
5,Lenovo Chinese GP,China,1,Max Verstappen,Red Bull,1,13,22.456
5,Lenovo Chinese GP,China,1,Max Verstappen,Red Bull,2,23,22.27
5,Lenovo Chinese GP,China,2,Logan Sargeant,Williams,1,12,23.229
5,Lenovo Chinese GP,China,2,Logan Sargeant,Williams,2,24,22.684
5,Lenovo Chinese GP,China,3,Daniel Ricciardo,RB,1,14,22.598
5,Lenovo Chinese GP,China,4,Lando Norris,McLaren,1,22,22.161
5,Lenovo Chinese GP,China,10,Pierre Gasly,Alpine,1,11,39.712
5,Lenovo Chinese GP,China,10,Pierre Gasly,Alpine,2,23,23.987
5,Lenovo Chinese GP,China,10,Pierre Gasly,Alpine,3,38,22.836
5,Lenovo Chinese GP,China,11,Sergio Perez,Red Bull,1,13,22.027
5,Lenovo Chinese GP,China,11,Sergio Perez,Red Bull,2,23,22.371
5,Lenovo Chinese GP,China,14,Fernando Alonso,Aston Martin,1,11,23.049
5,Lenovo Chinese GP,China,14,Fernando Alonso,Aston Martin,2,23,22.687
5,Lenovo Chinese GP,China,14,Fernando Alonso,Aston Martin,3,43,23.179
5,Lenovo Chinese GP,China,16,Charles Leclerc,Ferrari,1,21,22.36
5,Lenovo Chinese GP,China,18,Lance Stroll,Aston Martin,1,9,23.823
5,Lenovo Chinese GP,China,18,Lance Stroll,Aston Martin,2,21,22.911
5,Lenovo Chinese GP,China,18,Lance Stroll,Aston Martin,3,26,93.274
5,Lenovo Chinese GP,China,18,Lance Stroll,Aston Martin,4,35,34.777
5,Lenovo Chinese GP,China,20,Kevin Magnussen,Haas,1,17,22.974
5,Lenovo Chinese GP,China,20,Kevin Magnussen,Haas,2,27,25.727
5,Lenovo Chinese GP,China,22,Yuki Tsunoda,RB,1,8,23.16
5,Lenovo Chinese GP,China,22,Yuki Tsunoda,RB,2,23,22.387
5,Lenovo Chinese GP,China,23,Alexander Albon,Williams,1,9,23.273
5,Lenovo Chinese GP,China,23,Alexander Albon,Williams,2,23,23.6
5,Lenovo Chinese GP,China,24,Guanyu Zhou,Kick Sauber,1,8,23.362
5,Lenovo Chinese GP,China,24,Guanyu Zhou,Kick Sauber,2,23,25.61
5,Lenovo Chinese GP,China,24,Guanyu Zhou,Kick Sauber,3,40,23.252
5,Lenovo Chinese GP,China,27,Nico Hulkenberg,Haas,1,8,23.004
5,Lenovo Chinese GP,China,27,Nico Hulkenberg,Haas,2,23,23.336
5,Lenovo Chinese GP,China,31,Esteban Ocon,Alpine,1,9,23.156
5,Lenovo Chinese GP,China,31,Esteban Ocon,Alpine,2,23,23.208
5,Lenovo Chinese GP,China,44,Lewis Hamilton,Mercedes,1,9,22.518
5,Lenovo Chinese GP,China,44,Lewis Hamilton,Mercedes,2,21,22.662
5,Lenovo Chinese GP,China,55,Carlos Sainz,Ferrari,1,17,22.629
5,Lenovo Chinese GP,China,63,George Russell,Mercedes,1,11,22.415
5,Lenovo Chinese GP,China,63,George Russell,Mercedes,2,23,22.707
5,Lenovo Chinese GP,China,77,Valtteri Bottas,Kick Sauber,1,9,22.949
5,Lenovo Chinese GP,China,81,Oscar Piastri,McLaren,1,16,22.673
5,Lenovo Chinese GP,China,81,Oscar Piastri,McLaren,2,24,22.262
6,Crypto.com Miami GP,Miami,1,Max Verstappen,Red Bull,1,23,22.187
6,Crypto.com Miami GP,Miami,2,Logan Sargeant,Williams,1,11,22.611
6,Crypto.com Miami GP,Miami,3,Daniel Ricciardo,RB,1,28,22.54
6,Crypto.com Miami GP,Miami,4,Lando Norris,McLaren,1,29,22.041
6,Crypto.com Miami GP,Miami,10,Pierre Gasly,Alpine,1,12,22.466
6,Crypto.com Miami GP,Miami,11,Sergio Perez,Red Bull,1,17,21.695
6,Crypto.com Miami GP,Miami,11,Sergio Perez,Red Bull,2,28,22.396
6,Crypto.com Miami GP,Miami,14,Fernando Alonso,Aston Martin,1,22,22.374
6,Crypto.com Miami GP,Miami,16,Charles Leclerc,Ferrari,1,19,21.825
6,Crypto.com Miami GP,Miami,18,Lance Stroll,Aston Martin,1,11,23.038
6,Crypto.com Miami GP,Miami,18,Lance Stroll,Aston Martin,2,28,22.631
6,Crypto.com Miami GP,Miami,20,Kevin Magnussen,Haas,1,22,23.265
6,Crypto.com Miami GP,Miami,20,Kevin Magnussen,Haas,2,28,29.727
6,Crypto.com Miami GP,Miami,20,Kevin Magnussen,Haas,3,31,30.732
6,Crypto.com Miami GP,Miami,22,Yuki Tsunoda,RB,1,28,22.153
6,Crypto.com Miami GP,Miami,23,Alexander Albon,Williams,1,10,22.828
6,Crypto.com Miami GP,Miami,23,Alexander Albon,Williams,2,53,22.567
6,Crypto.com Miami GP,Miami,24,Guanyu Zhou,Kick Sauber,1,28,23.017
6,Crypto.com Miami GP,Miami,27,Nico Hulkenberg,Haas,1,12,23.055
6,Crypto.com Miami GP,Miami,27,Nico Hulkenberg,Haas,2,28,22.487
6,Crypto.com Miami GP,Miami,31,Esteban Ocon,Alpine,1,22,22.663
6,Crypto.com Miami GP,Miami,44,Lewis Hamilton,Mercedes,1,26,22.107
6,Crypto.com Miami GP,Miami,55,Carlos Sainz,Ferrari,1,27,22.805
6,Crypto.com Miami GP,Miami,63,George Russell,Mercedes,1,24,22.8
6,Crypto.com Miami GP,Miami,77,Valtteri Bottas,Kick Sauber,1,11,23.73
6,Crypto.com Miami GP,Miami,77,Valtteri Bottas,Kick Sauber,2,29,22.765
6,Crypto.com Miami GP,Miami,81,Oscar Piastri,McLaren,1,27,22.216
6,Crypto.com Miami GP,Miami,81,Oscar Piastri,McLaren,2,40,30.409
7,MSC Cruises Gran Premio Del Made in Italy e Dell'Emilia-Romagna,Emilia Romagna,1,Max Verstappen,Red Bull,1,24,30.416
7,MSC Cruises Gran Premio Del Made in Italy e Dell'Emilia-Romagna,Emilia Romagna,2,Logan Sargeant,Williams,1,31,31.085
7,MSC Cruises Gran Premio Del Made in Italy e Dell'Emilia-Romagna,Emilia Romagna,3,Daniel Ricciardo,RB,1,11,30.068
7,MSC Cruises Gran Premio Del Made in Italy e Dell'Emilia-Romagna,Emilia Romagna,4,Lando Norris,McLaren,1,22,29.956
7,MSC Cruises Gran Premio Del Made in Italy e Dell'Emilia-Romagna,Emilia Romagna,10,Pierre Gasly,Alpine,1,8,30.081
7,MSC Cruises Gran Premio Del Made in Italy e Dell'Emilia-Romagna,Emilia Romagna,10,Pierre Gasly,Alpine,2,30,30.654
7,MSC Cruises Gran Premio Del Made in Italy e Dell'Emilia-Romagna,Emilia Romagna,11,Sergio Perez,Red Bull,1,37,29.669
7,MSC Cruises Gran Premio Del Made in Italy e Dell'Emilia-Romagna,Emilia Romagna,14,Fernando Alonso,Aston Martin,1,7,31.368
7,MSC Cruises Gran Premio Del Made in Italy e Dell'Emilia-Romagna,Emilia Romagna,14,Fernando Alonso,Aston Martin,2,40,30.483
7,MSC Cruises Gran Premio Del Made in Italy e Dell'Emilia-Romagna,Emilia Romagna,14,Fernando Alonso,Aston Martin,3,59,29.931
7,MSC Cruises Gran Premio Del Made in Italy e Dell'Emilia-Romagna,Emilia Romagna,16,Charles Leclerc,Ferrari,1,25,30.149
7,MSC Cruises Gran Premio Del Made in Italy e Dell'Emilia-Romagna,Emilia Romagna,18,Lance Stroll,Aston Martin,1,37,29.971
7,MSC Cruises Gran Premio Del Made in Italy e Dell'Emilia-Romagna,Emilia Romagna,20,Kevin Magnussen,Haas,1,37,31.302
7,MSC Cruises Gran Premio Del Made in Italy e Dell'Emilia-Romagna,Emilia Romagna,22,Yuki Tsunoda,RB,1,12,29.628
7,MSC Cruises Gran Premio Del Made in Italy e Dell'Emilia-Romagna,Emilia Romagna,23,Alexander Albon,Williams,1,8,30.05
7,MSC Cruises Gran Premio Del Made in Italy e Dell'Emilia-Romagna,Emilia Romagna,23,Alexander Albon,Williams,2,9,33.179
7,MSC Cruises Gran Premio Del Made in Italy e Dell'Emilia-Romagna,Emilia Romagna,23,Alexander Albon,Williams,3,23,38.413
7,MSC Cruises Gran Premio Del Made in Italy e Dell'Emilia-Romagna,Emilia Romagna,23,Alexander Albon,Williams,4,28,31.131
7,MSC Cruises Gran Premio Del Made in Italy e Dell'Emilia-Romagna,Emilia Romagna,24,Guanyu Zhou,Kick Sauber,1,33,30.244
7,MSC Cruises Gran Premio Del Made in Italy e Dell'Emilia-Romagna,Emilia Romagna,27,Nico Hulkenberg,Haas,1,13,29.749
7,MSC Cruises Gran Premio Del Made in Italy e Dell'Emilia-Romagna,Emilia Romagna,31,Esteban Ocon,Alpine,1,25,30.659
7,MSC Cruises Gran Premio Del Made in Italy e Dell'Emilia-Romagna,Emilia Romagna,44,Lewis Hamilton,Mercedes,1,27,29.547
7,MSC Cruises Gran Premio Del Made in Italy e Dell'Emilia-Romagna,Emilia Romagna,55,Carlos Sainz,Ferrari,1,27,30.508
7,MSC Cruises Gran Premio Del Made in Italy e Dell'Emilia-Romagna,Emilia Romagna,63,George Russell,Mercedes,1,21,29.664
7,MSC Cruises Gran Premio Del Made in Italy e Dell'Emilia-Romagna,Emilia Romagna,63,George Russell,Mercedes,2,52,29.605
7,MSC Cruises Gran Premio Del Made in Italy e Dell'Emilia-Romagna,Emilia Romagna,77,Valtteri Bottas,Kick Sauber,1,8,30.24
7,MSC Cruises Gran Premio Del Made in Italy e Dell'Emilia-Romagna,Emilia Romagna,81,Oscar Piastri,McLaren,1,23,29.77
8,Grand Prix de Monaco,Monaco,1,Max Verstappen,Red Bull,1,1,2372.67
8,Grand Prix de Monaco,Monaco,1,Max Verstappen,Red Bull,2,52,23.813
8,Grand Prix de Monaco,Monaco,2,Logan Sargeant,Williams,1,1,2391.6
8,Grand Prix de Monaco,Monaco,2,Logan Sargeant,Williams,2,57,24.384
8,Grand Prix de Monaco,Monaco,3,Daniel Ricciardo,RB,1,1,2385.823
8,Grand Prix de Monaco,Monaco,4,Lando Norris,McLaren,1,1,2365.538
8,Grand Prix de Monaco,Monaco,10,Pierre Gasly,Alpine,1,1,2381.893
8,Grand Prix de Monaco,Monaco,14,Fernando Alonso,Aston Martin,1,1,2389.467
8,Grand Prix de Monaco,Monaco,16,Charles Leclerc,Ferrari,1,1,2358.026
8,Grand Prix de Monaco,Monaco,18,Lance Stroll,Aston Martin,1,1,2383.588
8,Grand Prix de Monaco,Monaco,18,Lance Stroll,Aston Martin,2,42,24.132
8,Grand Prix de Monaco,Monaco,18,Lance Stroll,Aston Martin,3,48,28.211
8,Grand Prix de Monaco,Monaco,22,Yuki Tsunoda,RB,1,1,2377.564
8,Grand Prix de Monaco,Monaco,23,Alexander Albon,Williams,1,1,2381.39
8,Grand Prix de Monaco,Monaco,24,Guanyu Zhou,Kick Sauber,1,1,2386.414
8,Grand Prix de Monaco,Monaco,24,Guanyu Zhou,Kick Sauber,2,70,24.367
8,Grand Prix de Monaco,Monaco,44,Lewis Hamilton,Mercedes,1,1,2375.369
8,Grand Prix de Monaco,Monaco,44,Lewis Hamilton,Mercedes,2,51,24.232
8,Grand Prix de Monaco,Monaco,55,Carlos Sainz,Ferrari,1,1,2327.072
8,Grand Prix de Monaco,Monaco,63,George Russell,Mercedes,1,1,2369.363
8,Grand Prix de Monaco,Monaco,77,Valtteri Bottas,Kick Sauber,1,1,2394.053
8,Grand Prix de Monaco,Monaco,77,Valtteri Bottas,Kick Sauber,2,15,24.239
8,Grand Prix de Monaco,Monaco,81,Oscar Piastri,McLaren,1,1,2357.645
9,AWS Grand Prix du Canada,Canada,1,Max Verstappen,Red Bull,1,25,24.306
9,AWS Grand Prix du Canada,Canada,1,Max Verstappen,Red Bull,2,45,24.246
9,AWS Grand Prix du Canada,Canada,3,Daniel Ricciardo,RB,1,26,30.298
9,AWS Grand Prix du Canada,Canada,3,Daniel Ricciardo,RB,2,43,23.86
9,AWS Grand Prix du Canada,Canada,4,Lando Norris,McLaren,1,26,23.423
9,AWS Grand Prix du Canada,Canada,4,Lando Norris,McLaren,2,47,23.983
9,AWS Grand Prix du Canada,Canada,10,Pierre Gasly,Alpine,1,25,24.911
9,AWS Grand Prix du Canada,Canada,10,Pierre Gasly,Alpine,2,40,24.408
9,AWS Grand Prix du Canada,Canada,11,Sergio Perez,Red Bull,1,25,33.762
9,AWS Grand Prix du Canada,Canada,11,Sergio Perez,Red Bull,2,43,24.423
9,AWS Grand Prix du Canada,Canada,14,Fernando Alonso,Aston Martin,1,25,25.788
9,AWS Grand Prix du Canada,Canada,14,Fernando Alonso,Aston Martin,2,44,24.346
9,AWS Grand Prix du Canada,Canada,16,Charles Leclerc,Ferrari,1,25,24.031
9,AWS Grand Prix du Canada,Canada,16,Charles Leclerc,Ferrari,2,28,47.186
9,AWS Grand Prix du Canada,Canada,16,Charles Leclerc,Ferrari,3,31,24.629
9,AWS Grand Prix du Canada,Canada,18,Lance Stroll,Aston Martin,1,25,24.284
9,AWS Grand Prix du Canada,Canada,18,Lance Stroll,Aston Martin,2,44,25.025
9,AWS Grand Prix du Canada,Canada,20,Kevin Magnussen,Haas,1,7,30.472
9,AWS Grand Prix du Canada,Canada,20,Kevin Magnussen,Haas,2,25,26.794
9,AWS Grand Prix du Canada,Canada,20,Kevin Magnussen,Haas,3,41,24.833
9,AWS Grand Prix du Canada,Canada,20,Kevin Magnussen,Haas,4,54,26.845
9,AWS Grand Prix du Canada,Canada,22,Yuki Tsunoda,RB,1,44,25.569
9,AWS Grand Prix du Canada,Canada,23,Alexander Albon,Williams,1,25,24.753
9,AWS Grand Prix du Canada,Canada,23,Alexander Albon,Williams,2,44,24.804
9,AWS Grand Prix du Canada,Canada,24,Guanyu Zhou,Kick Sauber,1,24,25.598
9,AWS Grand Prix du Canada,Canada,24,Guanyu Zhou,Kick Sauber,2,44,65.564
9,AWS Grand Prix du Canada,Canada,24,Guanyu Zhou,Kick Sauber,3,52,28.375
9,AWS Grand Prix du Canada,Canada,27,Nico Hulkenberg,Haas,1,12,24.233
9,AWS Grand Prix du Canada,Canada,27,Nico Hulkenberg,Haas,2,25,24.668
9,AWS Grand Prix du Canada,Canada,27,Nico Hulkenberg,Haas,3,44,24.751
9,AWS Grand Prix du Canada,Canada,31,Esteban Ocon,Alpine,1,44,24.495
9,AWS Grand Prix du Canada,Canada,44,Lewis Hamilton,Mercedes,1,25,23.762
9,AWS Grand Prix du Canada,Canada,44,Lewis Hamilton,Mercedes,2,43,24.226
9,AWS Grand Prix du Canada,Canada,44,Lewis Hamilton,Mercedes,3,54,28.817
9,AWS Grand Prix du Canada,Canada,55,Carlos Sainz,Ferrari,1,25,27.626
9,AWS Grand Prix du Canada,Canada,55,Carlos Sainz,Ferrari,2,43,24.125
9,AWS Grand Prix du Canada,Canada,63,George Russell,Mercedes,1,25,24.044
9,AWS Grand Prix du Canada,Canada,63,George Russell,Mercedes,2,45,25.431
9,AWS Grand Prix du Canada,Canada,63,George Russell,Mercedes,3,54,28.157
9,AWS Grand Prix du Canada,Canada,77,Valtteri Bottas,Kick Sauber,1,42,24.929
9,AWS Grand Prix du Canada,Canada,81,Oscar Piastri,McLaren,1,25,23.977
9,AWS Grand Prix du Canada,Canada,81,Oscar Piastri,McLaren,2,44,23.476
10,Aramco Gran Premio de España,Spain,1,Max Verstappen,Red Bull,1,17,21.544
10,Aramco Gran Premio de España,Spain,1,Max Verstappen,Red Bull,2,44,22.34
10,Aramco Gran Premio de España,Spain,2,Logan Sargeant,Williams,1,14,22.401
10,Aramco Gran Premio de España,Spain,2,Logan Sargeant,Williams,2,34,22.506
10,Aramco Gran Premio de España,Spain,3,Daniel Ricciardo,RB,1,16,22.364
10,Aramco Gran Premio de España,Spain,3,Daniel Ricciardo,RB,2,42,22.108
10,Aramco Gran Premio de España,Spain,4,Lando Norris,McLaren,1,23,21.618
10,Aramco Gran Premio de España,Spain,4,Lando Norris,McLaren,2,47,22.631
10,Aramco Gran Premio de España,Spain,10,Pierre Gasly,Alpine,1,14,26.097
10,Aramco Gran Premio de España,Spain,10,Pierre Gasly,Alpine,2,38,21.687
10,Aramco Gran Premio de España,Spain,11,Sergio Perez,Red Bull,1,13,22.181
10,Aramco Gran Premio de España,Spain,11,Sergio Perez,Red Bull,2,31,21.464
10,Aramco Gran Premio de España,Spain,11,Sergio Perez,Red Bull,3,49,21.472
10,Aramco Gran Premio de España,Spain,14,Fernando Alonso,Aston Martin,1,19,21.957
10,Aramco Gran Premio de España,Spain,14,Fernando Alonso,Aston Martin,2,45,22.571
10,Aramco Gran Premio de España,Spain,16,Charles Leclerc,Ferrari,1,24,22.26
10,Aramco Gran Premio de España,Spain,16,Charles Leclerc,Ferrari,2,47,21.624
10,Aramco Gran Premio de España,Spain,18,Lance Stroll,Aston Martin,1,17,21.88
10,Aramco Gran Premio de España,Spain,18,Lance Stroll,Aston Martin,2,37,23.381
10,Aramco Gran Premio de España,Spain,20,Kevin Magnussen,Haas,1,10,23.36
10,Aramco Gran Premio de España,Spain,20,Kevin Magnussen,Haas,2,29,28.967
10,Aramco Gran Premio de España,Spain,22,Yuki Tsunoda,RB,1,9,22.064
10,Aramco Gran Premio de España,Spain,22,Yuki Tsunoda,RB,2,27,22.084
10,Aramco Gran Premio de España,Spain,22,Yuki Tsunoda,RB,3,44,22.564
10,Aramco Gran Premio de España,Spain,23,Alexander Albon,Williams,1,18,23.248
10,Aramco Gran Premio de España,Spain,23,Alexander Albon,Williams,2,43,21.892
10,Aramco Gran Premio de España,Spain,24,Guanyu Zhou,Kick Sauber,1,9,22.523
10,Aramco Gran Premio de España,Spain,24,Guanyu Zhou,Kick Sauber,2,41,24.253
10,Aramco Gran Premio de España,Spain,27,Nico Hulkenberg,Haas,1,12,22.722
10,Aramco Gran Premio de España,Spain,27,Nico Hulkenberg,Haas,2,38,22.518
10,Aramco Gran Premio de España,Spain,31,Esteban Ocon,Alpine,1,13,21.834
10,Aramco Gran Premio de España,Spain,31,Esteban Ocon,Alpine,2,37,21.921
10,Aramco Gran Premio de España,Spain,44,Lewis Hamilton,Mercedes,1,16,21.84
10,Aramco Gran Premio de España,Spain,44,Lewis Hamilton,Mercedes,2,43,21.603
10,Aramco Gran Premio de España,Spain,55,Carlos Sainz,Ferrari,1,15,22.194
10,Aramco Gran Premio de España,Spain,55,Carlos Sainz,Ferrari,2,36,22.249
10,Aramco Gran Premio de España,Spain,63,George Russell,Mercedes,1,15,25.023
10,Aramco Gran Premio de España,Spain,63,George Russell,Mercedes,2,36,22.7
10,Aramco Gran Premio de España,Spain,77,Valtteri Bottas,Kick Sauber,1,11,22.744
10,Aramco Gran Premio de España,Spain,77,Valtteri Bottas,Kick Sauber,2,28,22.963
10,Aramco Gran Premio de España,Spain,81,Oscar Piastri,McLaren,1,21,22.224
10,Aramco Gran Premio de España,Spain,81,Oscar Piastri,McLaren,2,46,22.42
11,Qatar Airways Austrian GP,Austria,1,Max Verstappen,Red Bull,1,23,21.899
11,Qatar Airways Austrian GP,Austria,1,Max Verstappen,Red Bull,2,51,25.841
11,Qatar Airways Austrian GP,Austria,1,Max Verstappen,Red Bull,3,64,22.729
11,Qatar Airways Austrian GP,Austria,2,Logan Sargeant,Williams,1,1,31.722
11,Qatar Airways Austrian GP,Austria,2,Logan Sargeant,Williams,2,20,22.502
11,Qatar Airways Austrian GP,Austria,2,Logan Sargeant,Williams,3,49,22.093
11,Qatar Airways Austrian GP,Austria,3,Daniel Ricciardo,RB,1,10,21.502
11,Qatar Airways Austrian GP,Austria,3,Daniel Ricciardo,RB,2,37,21.093
11,Qatar Airways Austrian GP,Austria,4,Lando Norris,McLaren,1,23,21.617
11,Qatar Airways Austrian GP,Austria,4,Lando Norris,McLaren,2,51,21.411
11,Qatar Airways Austrian GP,Austria,10,Pierre Gasly,Alpine,1,20,21.431
11,Qatar Airways Austrian GP,Austria,10,Pierre Gasly,Alpine,2,42,22.043
11,Qatar Airways Austrian GP,Austria,11,Sergio Perez,Red Bull,1,21,21.291
11,Qatar Airways Austrian GP,Austria,11,Sergio Perez,Red Bull,2,51,27.5
11,Qatar Airways Austrian GP,Austria,14,Fernando Alonso,Aston Martin,1,11,21.483
11,Qatar Airways Austrian GP,Austria,14,Fernando Alonso,Aston Martin,2,35,33.947
11,Qatar Airways Austrian GP,Austria,14,Fernando Alonso,Aston Martin,3,68,22.487
11,Qatar Airways Austrian GP,Austria,16,Charles Leclerc,Ferrari,1,1,31.917
11,Qatar Airways Austrian GP,Austria,16,Charles Leclerc,Ferrari,2,16,21.685
11,Qatar Airways Austrian GP,Austria,16,Charles Leclerc,Ferrari,3,33,22.243
11,Qatar Airways Austrian GP,Austria,16,Charles Leclerc,Ferrari,4,51,20.903
11,Qatar Airways Austrian GP,Austria,18,Lance Stroll,Aston Martin,1,20,21.399
11,Qatar Airways Austrian GP,Austria,18,Lance Stroll,Aston Martin,2,43,21.302
11,Qatar Airways Austrian GP,Austria,20,Kevin Magnussen,Haas,1,10,21.518
11,Qatar Airways Austrian GP,Austria,20,Kevin Magnussen,Haas,2,38,21.832
11,Qatar Airways Austrian GP,Austria,22,Yuki Tsunoda,RB,1,21,21.25
11,Qatar Airways Austrian GP,Austria,22,Yuki Tsunoda,RB,2,44,23.444
11,Qatar Airways Austrian GP,Austria,23,Alexander Albon,Williams,1,12,21.878
11,Qatar Airways Austrian GP,Austria,23,Alexander Albon,Williams,2,39,21.692
11,Qatar Airways Austrian GP,Austria,24,Guanyu Zhou,Kick Sauber,1,28,23.198
11,Qatar Airways Austrian GP,Austria,24,Guanyu Zhou,Kick Sauber,2,51,21.594
11,Qatar Airways Austrian GP,Austria,27,Nico Hulkenberg,Haas,1,11,22.355
11,Qatar Airways Austrian GP,Austria,27,Nico Hulkenberg,Haas,2,39,21.814
11,Qatar Airways Austrian GP,Austria,31,Esteban Ocon,Alpine,1,19,22.291
11,Qatar Airways Austrian GP,Austria,31,Esteban Ocon,Alpine,2,43,21.231
11,Qatar Airways Austrian GP,Austria,44,Lewis Hamilton,Mercedes,1,21,21.563
11,Qatar Airways Austrian GP,Austria,44,Lewis Hamilton,Mercedes,2,53,27.281
11,Qatar Airways Austrian GP,Austria,55,Carlos Sainz,Ferrari,1,22,21.226
11,Qatar Airways Austrian GP,Austria,55,Carlos Sainz,Ferrari,2,47,21.283
11,Qatar Airways Austrian GP,Austria,63,George Russell,Mercedes,1,22,21.673
11,Qatar Airways Austrian GP,Austria,63,George Russell,Mercedes,2,46,21.229
11,Qatar Airways Austrian GP,Austria,77,Valtteri Bottas,Kick Sauber,1,19,21.918
11,Qatar Airways Austrian GP,Austria,77,Valtteri Bottas,Kick Sauber,2,42,21.991
11,Qatar Airways Austrian GP,Austria,81,Oscar Piastri,McLaren,1,25,20.978
11,Qatar Airways Austrian GP,Austria,81,Oscar Piastri,McLaren,2,51,20.775
12,Qatar Airways British GP,Great Britain,1,Max Verstappen,Red Bull,1,26,28.365
12,Qatar Airways British GP,Great Britain,1,Max Verstappen,Red Bull,2,38,29.076
12,Qatar Airways British GP,Great Britain,2,Logan Sargeant,Williams,1,27,32.801
12,Qatar Airways British GP,Great Britain,2,Logan Sargeant,Williams,2,38,29.444
12,Qatar Airways British GP,Great Britain,3,Daniel Ricciardo,RB,1,26,28.875
12,Qatar Airways British GP,Great Britain,3,Daniel Ricciardo,RB,2,37,29.873
12,Qatar Airways British GP,Great Britain,4,Lando Norris,McLaren,1,27,28.661
12,Qatar Airways British GP,Great Britain,4,Lando Norris,McLaren,2,39,30.387
12,Qatar Airways British GP,Great Britain,11,Sergio Perez,Red Bull,1,19,28.391
12,Qatar Airways British GP,Great Britain,11,Sergio Perez,Red Bull,2,28,32.313
12,Qatar Airways British GP,Great Britain,11,Sergio Perez,Red Bull,3,37,29.3
12,Qatar Airways British GP,Great Britain,11,Sergio Perez,Red Bull,4,47,28.871
12,Qatar Airways British GP,Great Britain,14,Fernando Alonso,Aston Martin,1,27,29.341
12,Qatar Airways British GP,Great Britain,14,Fernando Alonso,Aston Martin,2,38,29.686
12,Qatar Airways British GP,Great Britain,16,Charles Leclerc,Ferrari,1,19,28.481
12,Qatar Airways British GP,Great Britain,16,Charles Leclerc,Ferrari,2,27,29.233
12,Qatar Airways British GP,Great Britain,16,Charles Leclerc,Ferrari,3,37,29.166
12,Qatar Airways British GP,Great Britain,18,Lance Stroll,Aston Martin,1,26,29.023
12,Qatar Airways British GP,Great Britain,18,Lance Stroll,Aston Martin,2,39,29.469
12,Qatar Airways British GP,Great Britain,20,Kevin Magnussen,Haas,1,27,30.308
12,Qatar Airways British GP,Great Britain,20,Kevin Magnussen,Haas,2,37,29.884
12,Qatar Airways British GP,Great Britain,22,Yuki Tsunoda,RB,1,27,30.0
12,Qatar Airways British GP,Great Britain,22,Yuki Tsunoda,RB,2,38,29.658
12,Qatar Airways British GP,Great Britain,23,Alexander Albon,Williams,1,27,34.742
12,Qatar Airways British GP,Great Britain,23,Alexander Albon,Williams,2,38,29.41
12,Qatar Airways British GP,Great Britain,24,Guanyu Zhou,Kick Sauber,1,12,29.178
12,Qatar Airways British GP,Great Britain,24,Guanyu Zhou,Kick Sauber,2,19,29.838
12,Qatar Airways British GP,Great Britain,24,Guanyu Zhou,Kick Sauber,3,26,29.125
12,Qatar Airways British GP,Great Britain,24,Guanyu Zhou,Kick Sauber,4,37,33.083
12,Qatar Airways British GP,Great Britain,27,Nico Hulkenberg,Haas,1,26,29.412
12,Qatar Airways British GP,Great Britain,27,Nico Hulkenberg,Haas,2,39,30.265
12,Qatar Airways British GP,Great Britain,31,Esteban Ocon,Alpine,1,19,28.495
12,Qatar Airways British GP,Great Britain,31,Esteban Ocon,Alpine,2,21,28.276
12,Qatar Airways British GP,Great Britain,31,Esteban Ocon,Alpine,3,26,29.289
12,Qatar Airways British GP,Great Britain,31,Esteban Ocon,Alpine,4,38,29.086
12,Qatar Airways British GP,Great Britain,44,Lewis Hamilton,Mercedes,1,27,28.929
12,Qatar Airways British GP,Great Britain,44,Lewis Hamilton,Mercedes,2,38,30.038
12,Qatar Airways British GP,Great Britain,55,Carlos Sainz,Ferrari,1,26,29.199
12,Qatar Airways British GP,Great Britain,55,Carlos Sainz,Ferrari,2,39,29.097
12,Qatar Airways British GP,Great Britain,55,Carlos Sainz,Ferrari,3,50,28.706
12,Qatar Airways British GP,Great Britain,63,George Russell,Mercedes,1,27,32.045
12,Qatar Airways British GP,Great Britain,77,Valtteri Bottas,Kick Sauber,1,26,30.628
12,Qatar Airways British GP,Great Britain,77,Valtteri Bottas,Kick Sauber,2,37,31.527
12,Qatar Airways British GP,Great Britain,81,Oscar Piastri,McLaren,1,28,29.541
12,Qatar Airways British GP,Great Britain,81,Oscar Piastri,McLaren,2,38,29.2
13,Hungarian GP,Hungary,1,Max Verstappen,Red Bull,1,21,22.101
13,Hungarian GP,Hungary,1,Max Verstappen,Red Bull,2,49,21.344
13,Hungarian GP,Hungary,2,Logan Sargeant,Williams,1,8,21.757
13,Hungarian GP,Hungary,2,Logan Sargeant,Williams,2,33,21.398
13,Hungarian GP,Hungary,2,Logan Sargeant,Williams,3,63,21.908
13,Hungarian GP,Hungary,3,Daniel Ricciardo,RB,1,7,21.084
13,Hungarian GP,Hungary,3,Daniel Ricciardo,RB,2,28,21.378
13,Hungarian GP,Hungary,4,Lando Norris,McLaren,1,17,21.861
13,Hungarian GP,Hungary,4,Lando Norris,McLaren,2,45,21.249
13,Hungarian GP,Hungary,10,Pierre Gasly,Alpine,1,28,21.405
13,Hungarian GP,Hungary,11,Sergio Perez,Red Bull,1,28,21.395
13,Hungarian GP,Hungary,11,Sergio Perez,Red Bull,2,47,21.056
13,Hungarian GP,Hungary,14,Fernando Alonso,Aston Martin,1,7,22.542
13,Hungarian GP,Hungary,14,Fernando Alonso,Aston Martin,2,37,21.8
13,Hungarian GP,Hungary,16,Charles Leclerc,Ferrari,1,23,21.894
13,Hungarian GP,Hungary,16,Charles Leclerc,Ferrari,2,40,21.723
13,Hungarian GP,Hungary,18,Lance Stroll,Aston Martin,1,14,23.237
13,Hungarian GP,Hungary,18,Lance Stroll,Aston Martin,2,45,22.276
13,Hungarian GP,Hungary,20,Kevin Magnussen,Haas,1,6,21.871
13,Hungarian GP,Hungary,20,Kevin Magnussen,Haas,2,34,22.531
13,Hungarian GP,Hungary,22,Yuki Tsunoda,RB,1,29,21.467
13,Hungarian GP,Hungary,23,Alexander Albon,Williams,1,6,22.091
13,Hungarian GP,Hungary,23,Alexander Albon,Williams,2,29,23.41
13,Hungarian GP,Hungary,24,Guanyu Zhou,Kick Sauber,1,7,21.993
13,Hungarian GP,Hungary,24,Guanyu Zhou,Kick Sauber,2,36,22.183
13,Hungarian GP,Hungary,27,Nico Hulkenberg,Haas,1,2,22.287
13,Hungarian GP,Hungary,27,Nico Hulkenberg,Haas,2,29,22.472
13,Hungarian GP,Hungary,31,Esteban Ocon,Alpine,1,6,21.829
13,Hungarian GP,Hungary,31,Esteban Ocon,Alpine,2,30,21.444
13,Hungarian GP,Hungary,31,Esteban Ocon,Alpine,3,64,21.33
13,Hungarian GP,Hungary,44,Lewis Hamilton,Mercedes,1,16,21.306
13,Hungarian GP,Hungary,44,Lewis Hamilton,Mercedes,2,40,21.91
13,Hungarian GP,Hungary,55,Carlos Sainz,Ferrari,1,21,21.655
13,Hungarian GP,Hungary,55,Carlos Sainz,Ferrari,2,47,21.439
13,Hungarian GP,Hungary,63,George Russell,Mercedes,1,33,21.369
13,Hungarian GP,Hungary,63,George Russell,Mercedes,2,53,21.328
13,Hungarian GP,Hungary,77,Valtteri Bottas,Kick Sauber,1,16,22.146
13,Hungarian GP,Hungary,77,Valtteri Bottas,Kick Sauber,2,45,21.981
13,Hungarian GP,Hungary,81,Oscar Piastri,McLaren,1,18,21.641
13,Hungarian GP,Hungary,81,Oscar Piastri,McLaren,2,47,21.823
14,Rolex Belgian GP,Belgium,1,Max Verstappen,Red Bull,1,10,23.214
14,Rolex Belgian GP,Belgium,1,Max Verstappen,Red Bull,2,28,22.943
14,Rolex Belgian GP,Belgium,2,Logan Sargeant,Williams,1,8,23.338
14,Rolex Belgian GP,Belgium,2,Logan Sargeant,Williams,2,24,23.692
14,Rolex Belgian GP,Belgium,3,Daniel Ricciardo,RB,1,8,22.643
14,Rolex Belgian GP,Belgium,3,Daniel Ricciardo,RB,2,21,22.328
14,Rolex Belgian GP,Belgium,4,Lando Norris,McLaren,1,15,22.682
14,Rolex Belgian GP,Belgium,4,Lando Norris,McLaren,2,29,22.61
14,Rolex Belgian GP,Belgium,10,Pierre Gasly,Alpine,1,9,22.9
14,Rolex Belgian GP,Belgium,10,Pierre Gasly,Alpine,2,28,22.844
14,Rolex Belgian GP,Belgium,11,Sergio Perez,Red Bull,1,11,22.692
14,Rolex Belgian GP,Belgium,11,Sergio Perez,Red Bull,2,21,22.648
14,Rolex Belgian GP,Belgium,11,Sergio Perez,Red Bull,3,42,22.632
14,Rolex Belgian GP,Belgium,14,Fernando Alonso,Aston Martin,1,13,23.075
14,Rolex Belgian GP,Belgium,16,Charles Leclerc,Ferrari,1,12,22.942
14,Rolex Belgian GP,Belgium,16,Charles Leclerc,Ferrari,2,25,23.33
14,Rolex Belgian GP,Belgium,18,Lance Stroll,Aston Martin,1,12,23.01
14,Rolex Belgian GP,Belgium,20,Kevin Magnussen,Haas,1,17,23.619
14,Rolex Belgian GP,Belgium,22,Yuki Tsunoda,RB,1,15,23.452
14,Rolex Belgian GP,Belgium,23,Alexander Albon,Williams,1,8,23.606
14,Rolex Belgian GP,Belgium,23,Alexander Albon,Williams,2,23,23.146
14,Rolex Belgian GP,Belgium,27,Nico Hulkenberg,Haas,1,7,23.562
14,Rolex Belgian GP,Belgium,27,Nico Hulkenberg,Haas,2,20,23.268
14,Rolex Belgian GP,Belgium,31,Esteban Ocon,Alpine,1,12,23.366
14,Rolex Belgian GP,Belgium,31,Esteban Ocon,Alpine,2,30,23.546
14,Rolex Belgian GP,Belgium,44,Lewis Hamilton,Mercedes,1,11,23.188
14,Rolex Belgian GP,Belgium,44,Lewis Hamilton,Mercedes,2,26,22.704
14,Rolex Belgian GP,Belgium,55,Carlos Sainz,Ferrari,1,20,23.08
14,Rolex Belgian GP,Belgium,55,Carlos Sainz,Ferrari,2,28,23.089
14,Rolex Belgian GP,Belgium,63,George Russell,Mercedes,1,10,22.686
14,Rolex Belgian GP,Belgium,77,Valtteri Bottas,Kick Sauber,1,11,23.147
14,Rolex Belgian GP,Belgium,77,Valtteri Bottas,Kick Sauber,2,35,22.949
14,Rolex Belgian GP,Belgium,81,Oscar Piastri,McLaren,1,11,22.623
14,Rolex Belgian GP,Belgium,81,Oscar Piastri,McLaren,2,30,24.125
15,Heineken Dutch GP,Netherlands,1,Max Verstappen,Red Bull,1,27,20.785
15,Heineken Dutch GP,Netherlands,2,Logan Sargeant,Williams,1,22,22.03
15,Heineken Dutch GP,Netherlands,3,Daniel Ricciardo,RB,1,29,20.942
15,Heineken Dutch GP,Netherlands,4,Lando Norris,McLaren,1,28,21.536
15,Heineken Dutch GP,Netherlands,10,Pierre Gasly,Alpine,1,32,22.646
15,Heineken Dutch GP,Netherlands,11,Sergio Perez,Red Bull,1,29,22.934
15,Heineken Dutch GP,Netherlands,14,Fernando Alonso,Aston Martin,1,31,21.348
15,Heineken Dutch GP,Netherlands,16,Charles Leclerc,Ferrari,1,24,20.841
15,Heineken Dutch GP,Netherlands,18,Lance Stroll,Aston Martin,1,30,21.385
15,Heineken Dutch GP,Netherlands,20,Kevin Magnussen,Haas,1,40,21.403
15,Heineken Dutch GP,Netherlands,22,Yuki Tsunoda,RB,1,14,21.249
15,Heineken Dutch GP,Netherlands,22,Yuki Tsunoda,RB,2,32,20.88
15,Heineken Dutch GP,Netherlands,23,Alexander Albon,Williams,1,12,21.258
15,Heineken Dutch GP,Netherlands,23,Alexander Albon,Williams,2,54,21.016
15,Heineken Dutch GP,Netherlands,24,Guanyu Zhou,Kick Sauber,1,18,21.214
15,Heineken Dutch GP,Netherlands,24,Guanyu Zhou,Kick Sauber,2,51,22.044
15,Heineken Dutch GP,Netherlands,27,Nico Hulkenberg,Haas,1,14,21.619
15,Heineken Dutch GP,Netherlands,31,Esteban Ocon,Alpine,1,30,21.015
15,Heineken Dutch GP,Netherlands,44,Lewis Hamilton,Mercedes,1,23,21.168
15,Heineken Dutch GP,Netherlands,44,Lewis Hamilton,Mercedes,2,48,21.026
15,Heineken Dutch GP,Netherlands,55,Carlos Sainz,Ferrari,1,30,20.84
15,Heineken Dutch GP,Netherlands,63,George Russell,Mercedes,1,25,21.846
15,Heineken Dutch GP,Netherlands,63,George Russell,Mercedes,2,54,21.159
15,Heineken Dutch GP,Netherlands,77,Valtteri Bottas,Kick Sauber,1,15,21.095
15,Heineken Dutch GP,Netherlands,77,Valtteri Bottas,Kick Sauber,2,43,21.273
15,Heineken Dutch GP,Netherlands,81,Oscar Piastri,McLaren,1,33,20.969
16,Pirelli Gran Premio D'Italia,Italy,1,Max Verstappen,Red Bull,1,22,28.198
16,Pirelli Gran Premio D'Italia,Italy,1,Max Verstappen,Red Bull,2,41,24.15
16,Pirelli Gran Premio D'Italia,Italy,3,Daniel Ricciardo,RB,1,11,30.317
16,Pirelli Gran Premio D'Italia,Italy,4,Lando Norris,McLaren,1,14,24.169
16,Pirelli Gran Premio D'Italia,Italy,4,Lando Norris,McLaren,2,32,24.87
16,Pirelli Gran Premio D'Italia,Italy,10,Pierre Gasly,Alpine,1,10,24.335
16,Pirelli Gran Premio D'Italia,Italy,10,Pierre Gasly,Alpine,2,30,24.203
16,Pirelli Gran Premio D'Italia,Italy,11,Sergio Perez,Red Bull,1,23,24.728
16,Pirelli Gran Premio D'Italia,Italy,11,Sergio Perez,Red Bull,2,35,24.03
16,Pirelli Gran Premio D'Italia,Italy,14,Fernando Alonso,Aston Martin,1,12,24.866
16,Pirelli Gran Premio D'Italia,Italy,14,Fernando Alonso,Aston Martin,2,35,24.501
16,Pirelli Gran Premio D'Italia,Italy,16,Charles Leclerc,Ferrari,1,15,24.551
16,Pirelli Gran Premio D'Italia,Italy,18,Lance Stroll,Aston Martin,1,19,24.98
16,Pirelli Gran Premio D'Italia,Italy,18,Lance Stroll,Aston Martin,2,36,24.209
16,Pirelli Gran Premio D'Italia,Italy,18,Lance Stroll,Aston Martin,3,50,25.269
16,Pirelli Gran Premio D'Italia,Italy,20,Kevin Magnussen,Haas,1,14,25.672
16,Pirelli Gran Premio D'Italia,Italy,23,Alexander Albon,Williams,1,17,24.801
16,Pirelli Gran Premio D'Italia,Italy,24,Guanyu Zhou,Kick Sauber,1,15,27.138
16,Pirelli Gran Premio D'Italia,Italy,27,Nico Hulkenberg,Haas,1,5,38.875
16,Pirelli Gran Premio D'Italia,Italy,27,Nico Hulkenberg,Haas,2,32,36.576
16,Pirelli Gran Premio D'Italia,Italy,31,Esteban Ocon,Alpine,1,31,24.146
16,Pirelli Gran Premio D'Italia,Italy,43,Franco Colapinto,Williams,1,16,25.147
16,Pirelli Gran Premio D'Italia,Italy,44,Lewis Hamilton,Mercedes,1,15,24.469
16,Pirelli Gran Premio D'Italia,Italy,44,Lewis Hamilton,Mercedes,2,37,24.155
16,Pirelli Gran Premio D'Italia,Italy,55,Carlos Sainz,Ferrari,1,19,24.313
16,Pirelli Gran Premio D'Italia,Italy,63,George Russell,Mercedes,1,11,32.696
16,Pirelli Gran Premio D'Italia,Italy,63,George Russell,Mercedes,2,33,26.297
16,Pirelli Gran Premio D'Italia,Italy,77,Valtteri Bottas,Kick Sauber,1,33,24.41
16,Pirelli Gran Premio D'Italia,Italy,81,Oscar Piastri,McLaren,1,16,23.793
16,Pirelli Gran Premio D'Italia,Italy,81,Oscar Piastri,McLaren,2,38,24.67
17,Qatar Airways Azerbaijan GP,Azerbaijan,1,Max Verstappen,Red Bull,1,12,21.145
17,Qatar Airways Azerbaijan GP,Azerbaijan,1,Max Verstappen,Red Bull,2,49,20.725
17,Qatar Airways Azerbaijan GP,Azerbaijan,3,Daniel Ricciardo,RB,1,49,21.984
17,Qatar Airways Azerbaijan GP,Azerbaijan,4,Lando Norris,McLaren,1,37,19.712
17,Qatar Airways Azerbaijan GP,Azerbaijan,10,Pierre Gasly,Alpine,1,50,20.257
17,Qatar Airways Azerbaijan GP,Azerbaijan,11,Sergio Perez,Red Bull,1,13,20.63
17,Qatar Airways Azerbaijan GP,Azerbaijan,14,Fernando Alonso,Aston Martin,1,11,20.073
17,Qatar Airways Azerbaijan GP,Azerbaijan,16,Charles Leclerc,Ferrari,1,16,20.671
17,Qatar Airways Azerbaijan GP,Azerbaijan,18,Lance Stroll,Aston Martin,1,1,21.123
17,Qatar Airways Azerbaijan GP,Azerbaijan,18,Lance Stroll,Aston Martin,2,22,20.214
17,Qatar Airways Azerbaijan GP,Azerbaijan,22,Yuki Tsunoda,RB,1,12,20.922
17,Qatar Airways Azerbaijan GP,Azerbaijan,23,Alexander Albon,Williams,1,31,20.287
17,Qatar Airways Azerbaijan GP,Azerbaijan,24,Guanyu Zhou,Kick Sauber,1,34,20.52
17,Qatar Airways Azerbaijan GP,Azerbaijan,27,Nico Hulkenberg,Haas,1,15,21.617
17,Qatar Airways Azerbaijan GP,Azerbaijan,31,Esteban Ocon,Alpine,1,49,20.634
17,Qatar Airways Azerbaijan GP,Azerbaijan,43,Franco Colapinto,Williams,1,10,20.596
17,Qatar Airways Azerbaijan GP,Azerbaijan,44,Lewis Hamilton,Mercedes,1,12,21.289
17,Qatar Airways Azerbaijan GP,Azerbaijan,50,Oliver Bearman,Haas,1,14,21.276
17,Qatar Airways Azerbaijan GP,Azerbaijan,55,Carlos Sainz,Ferrari,1,17,21.483
17,Qatar Airways Azerbaijan GP,Azerbaijan,63,George Russell,Mercedes,1,12,19.954
17,Qatar Airways Azerbaijan GP,Azerbaijan,77,Valtteri Bottas,Kick Sauber,1,11,20.045
17,Qatar Airways Azerbaijan GP,Azerbaijan,81,Oscar Piastri,McLaren,1,15,20.181
18,Singapore Airlines Singapore GP,Singapore,1,Max Verstappen,Red Bull,1,29,29.655
18,Singapore Airlines Singapore GP,Singapore,3,Daniel Ricciardo,RB,1,10,30.316
18,Singapore Airlines Singapore GP,Singapore,3,Daniel Ricciardo,RB,2,46,29.066
18,Singapore Airlines Singapore GP,Singapore,3,Daniel Ricciardo,RB,3,58,29.653
18,Singapore Airlines Singapore GP,Singapore,4,Lando Norris,McLaren,1,30,29.091
18,Singapore Airlines Singapore GP,Singapore,10,Pierre Gasly,Alpine,1,37,31.509
18,Singapore Airlines Singapore GP,Singapore,11,Sergio Perez,Red Bull,1,28,28.99
18,Singapore Airlines Singapore GP,Singapore,14,Fernando Alonso,Aston Martin,1,25,29.251
18,Singapore Airlines Singapore GP,Singapore,16,Charles Leclerc,Ferrari,1,36,29.042
18,Singapore Airlines Singapore GP,Singapore,18,Lance Stroll,Aston Martin,1,26,29.816
18,Singapore Airlines Singapore GP,Singapore,20,Kevin Magnussen,Haas,1,28,29.707
18,Singapore Airlines Singapore GP,Singapore,20,Kevin Magnussen,Haas,2,49,31.291
18,Singapore Airlines Singapore GP,Singapore,22,Yuki Tsunoda,RB,1,33,29.662
18,Singapore Airlines Singapore GP,Singapore,23,Alexander Albon,Williams,1,11,29.126
18,Singapore Airlines Singapore GP,Singapore,24,Guanyu Zhou,Kick Sauber,1,34,29.36
18,Singapore Airlines Singapore GP,Singapore,27,Nico Hulkenberg,Haas,1,29,29.808
18,Singapore Airlines Singapore GP,Singapore,31,Esteban Ocon,Alpine,1,29,29.601
18,Singapore Airlines Singapore GP,Singapore,43,Franco Colapinto,Williams,1,29,29.772
18,Singapore Airlines Singapore GP,Singapore,44,Lewis Hamilton,Mercedes,1,17,29.272
18,Singapore Airlines Singapore GP,Singapore,55,Carlos Sainz,Ferrari,1,13,29.385
18,Singapore Airlines Singapore GP,Singapore,63,George Russell,Mercedes,1,27,28.739
18,Singapore Airlines Singapore GP,Singapore,77,Valtteri Bottas,Kick Sauber,1,33,30.423
18,Singapore Airlines Singapore GP,Singapore,81,Oscar Piastri,McLaren,1,38,29.152
19,Pirelli United States GP,United States,1,Max Verstappen,Red Bull,1,25,24.228
19,Pirelli United States GP,United States,4,Lando Norris,McLaren,1,31,23.731
19,Pirelli United States GP,United States,10,Pierre Gasly,Alpine,1,18,28.228
19,Pirelli United States GP,United States,11,Sergio Perez,Red Bull,1,26,23.58
19,Pirelli United States GP,United States,14,Fernando Alonso,Aston Martin,1,26,24.247
19,Pirelli United States GP,United States,16,Charles Leclerc,Ferrari,1,26,23.817
19,Pirelli United States GP,United States,18,Lance Stroll,Aston Martin,1,27,26.399
19,Pirelli United States GP,United States,20,Kevin Magnussen,Haas,1,17,23.966
19,Pirelli United States GP,United States,20,Kevin Magnussen,Haas,2,38,24.087
19,Pirelli United States GP,United States,22,Yuki Tsunoda,RB,1,18,24.193
19,Pirelli United States GP,United States,23,Alexander Albon,Williams,1,3,34.983
19,Pirelli United States GP,United States,23,Alexander Albon,Williams,2,33,24.391
19,Pirelli United States GP,United States,24,Guanyu Zhou,Kick Sauber,1,13,24.433
19,Pirelli United States GP,United States,24,Guanyu Zhou,Kick Sauber,2,35,24.89
19,Pirelli United States GP,United States,27,Nico Hulkenberg,Haas,1,27,24.5
19,Pirelli United States GP,United States,30,Liam Lawson,RB,1,36,23.839
19,Pirelli United States GP,United States,31,Esteban Ocon,Alpine,1,31,24.156
19,Pirelli United States GP,United States,31,Esteban Ocon,Alpine,2,51,26.175
19,Pirelli United States GP,United States,43,Franco Colapinto,Williams,1,39,23.971
19,Pirelli United States GP,United States,55,Carlos Sainz,Ferrari,1,21,23.963
19,Pirelli United States GP,United States,63,George Russell,Mercedes,1,40,29.327
19,Pirelli United States GP,United States,77,Valtteri Bottas,Kick Sauber,1,15,24.439
19,Pirelli United States GP,United States,81,Oscar Piastri,McLaren,1,32,24.107
20,Gran Premio de la Ciudad de México,Mexico,1,Max Verstappen,Red Bull,1,26,43.73
20,Gran Premio de la Ciudad de México,Mexico,4,Lando Norris,McLaren,1,30,22.111
20,Gran Premio de la Ciudad de México,Mexico,10,Pierre Gasly,Alpine,1,28,23.204
20,Gran Premio de la Ciudad de México,Mexico,11,Sergio Perez,Red Bull,1,20,27.73
20,Gran Premio de la Ciudad de México,Mexico,11,Sergio Perez,Red Bull,2,43,22.174
20,Gran Premio de la Ciudad de México,Mexico,11,Sergio Perez,Red Bull,3,68,21.92
20,Gran Premio de la Ciudad de México,Mexico,16,Charles Leclerc,Ferrari,1,31,22.86
20,Gran Premio de la Ciudad de México,Mexico,16,Charles Leclerc,Ferrari,2,69,22.69
20,Gran Premio de la Ciudad de México,Mexico,18,Lance Stroll,Aston Martin,1,26,22.592
20,Gran Premio de la Ciudad de México,Mexico,20,Kevin Magnussen,Haas,1,30,23.332
20,Gran Premio de la Ciudad de México,Mexico,24,Guanyu Zhou,Kick Sauber,1,43,22.935
20,Gran Premio de la Ciudad de México,Mexico,27,Nico Hulkenberg,Haas,1,29,23.077
20,Gran Premio de la Ciudad de México,Mexico,30,Liam Lawson,RB,1,39,22.586
20,Gran Premio de la Ciudad de México,Mexico,30,Liam Lawson,RB,2,65,30.299
20,Gran Premio de la Ciudad de México,Mexico,31,Esteban Ocon,Alpine,1,48,23.245
20,Gran Premio de la Ciudad de México,Mexico,43,Franco Colapinto,Williams,1,47,23.895
20,Gran Premio de la Ciudad de México,Mexico,44,Lewis Hamilton,Mercedes,1,28,22.538
20,Gran Premio de la Ciudad de México,Mexico,55,Carlos Sainz,Ferrari,1,32,22.249
20,Gran Premio de la Ciudad de México,Mexico,63,George Russell,Mercedes,1,31,22.462
20,Gran Premio de la Ciudad de México,Mexico,77,Valtteri Bottas,Kick Sauber,1,49,22.505
20,Gran Premio de la Ciudad de México,Mexico,81,Oscar Piastri,McLaren,1,39,21.825
21,Lenovo Grande Prêmio de São Paulo,Brazil,1,Max Verstappen,Red Bull,1,32,1409.303
21,Lenovo Grande Prêmio de São Paulo,Brazil,4,Lando Norris,McLaren,1,28,24.764
21,Lenovo Grande Prêmio de São Paulo,Brazil,4,Lando Norris,McLaren,2,32,1415.363
21,Lenovo Grande Prêmio de São Paulo,Brazil,10,Pierre Gasly,Alpine,1,32,1407.586
21,Lenovo Grande Prêmio de São Paulo,Brazil,11,Sergio Perez,Red Bull,1,27,26.692
21,Lenovo Grande Prêmio de São Paulo,Brazil,11,Sergio Perez,Red Bull,2,32,1425.215
21,Lenovo Grande Prêmio de São Paulo,Brazil,14,Fernando Alonso,Aston Martin,1,27,25.107
21,Lenovo Grande Prêmio de São Paulo,Brazil,14,Fernando Alonso,Aston Martin,2,32,1422.872
21,Lenovo Grande Prêmio de São Paulo,Brazil,16,Charles Leclerc,Ferrari,1,24,24.573
21,Lenovo Grande Prêmio de São Paulo,Brazil,16,Charles Leclerc,Ferrari,2,32,1420.26
21,Lenovo Grande Prêmio de São Paulo,Brazil,22,Yuki Tsunoda,RB,1,28,25.431
21,Lenovo Grande Prêmio de São Paulo,Brazil,22,Yuki Tsunoda,RB,2,32,1419.03
21,Lenovo Grande Prêmio de São Paulo,Brazil,24,Guanyu Zhou,Kick Sauber,1,27,25.248
21,Lenovo Grande Prêmio de São Paulo,Brazil,24,Guanyu Zhou,Kick Sauber,2,28,27.067
21,Lenovo Grande Prêmio de São Paulo,Brazil,24,Guanyu Zhou,Kick Sauber,3,31,1283.154
21,Lenovo Grande Prêmio de São Paulo,Brazil,24,Guanyu Zhou,Kick Sauber,4,32,68.542
21,Lenovo Grande Prêmio de São Paulo,Brazil,27,Nico Hulkenberg,Haas,1,25,25.369
21,Lenovo Grande Prêmio de São Paulo,Brazil,27,Nico Hulkenberg,Haas,2,27,58.984
21,Lenovo Grande Prêmio de São Paulo,Brazil,27,Nico Hulkenberg,Haas,3,29,28.59
21,Lenovo Grande Prêmio de São Paulo,Brazil,30,Liam Lawson,RB,1,28,28.167
21,Lenovo Grande Prêmio de São Paulo,Brazil,30,Liam Lawson,RB,2,32,1422.722
21,Lenovo Grande Prêmio de São Paulo,Brazil,31,Esteban Ocon,Alpine,1,32,1408.695
21,Lenovo Grande Prêmio de São Paulo,Brazil,43,Franco Colapinto,Williams,1,26,25.287
21,Lenovo Grande Prêmio de São Paulo,Brazil,43,Franco Colapinto,Williams,2,30,25.239
21,Lenovo Grande Prêmio de São Paulo,Brazil,44,Lewis Hamilton,Mercedes,1,27,25.205
21,Lenovo Grande Prêmio de São Paulo,Brazil,44,Lewis Hamilton,Mercedes,2,32,1425.703
21,Lenovo Grande Prêmio de São Paulo,Brazil,50,Oliver Bearman,Haas,1,27,35.755
21,Lenovo Grande Prêmio de São Paulo,Brazil,50,Oliver Bearman,Haas,2,32,1424.737
21,Lenovo Grande Prêmio de São Paulo,Brazil,55,Carlos Sainz,Ferrari,1,27,25.92
21,Lenovo Grande Prêmio de São Paulo,Brazil,55,Carlos Sainz,Ferrari,2,32,1424.659
21,Lenovo Grande Prêmio de São Paulo,Brazil,63,George Russell,Mercedes,1,28,25.698
21,Lenovo Grande Prêmio de São Paulo,Brazil,63,George Russell,Mercedes,2,32,1415.838
21,Lenovo Grande Prêmio de São Paulo,Brazil,77,Valtteri Bottas,Kick Sauber,1,32,1422.094
21,Lenovo Grande Prêmio de São Paulo,Brazil,81,Oscar Piastri,McLaren,1,27,26.05
21,Lenovo Grande Prêmio de São Paulo,Brazil,81,Oscar Piastri,McLaren,2,32,1420.27
22,Heineken Silver Las Vegas GP,Las Vegas,1,Max Verstappen,Red Bull,1,11,20.697
22,Heineken Silver Las Vegas GP,Las Vegas,1,Max Verstappen,Red Bull,2,27,22.254
22,Heineken Silver Las Vegas GP,Las Vegas,4,Lando Norris,McLaren,1,9,21.194
22,Heineken Silver Las Vegas GP,Las Vegas,4,Lando Norris,McLaren,2,30,20.668
22,Heineken Silver Las Vegas GP,Las Vegas,4,Lando Norris,McLaren,3,48,21.059
22,Heineken Silver Las Vegas GP,Las Vegas,10,Pierre Gasly,Alpine,1,10,22.179
22,Heineken Silver Las Vegas GP,Las Vegas,11,Sergio Perez,Red Bull,1,17,21.294
22,Heineken Silver Las Vegas GP,Las Vegas,11,Sergio Perez,Red Bull,2,32,21.034
22,Heineken Silver Las Vegas GP,Las Vegas,14,Fernando Alonso,Aston Martin,1,4,21.407
22,Heineken Silver Las Vegas GP,Las Vegas,14,Fernando Alonso,Aston Martin,2,24,21.407
22,Heineken Silver Las Vegas GP,Las Vegas,16,Charles Leclerc,Ferrari,1,9,21.329
22,Heineken Silver Las Vegas GP,Las Vegas,16,Charles Leclerc,Ferrari,2,31,21.585
22,Heineken Silver Las Vegas GP,Las Vegas,18,Lance Stroll,Aston Martin,1,9,34.863
22,Heineken Silver Las Vegas GP,Las Vegas,18,Lance Stroll,Aston Martin,2,28,21.588
22,Heineken Silver Las Vegas GP,Las Vegas,20,Kevin Magnussen,Haas,1,17,21.963
22,Heineken Silver Las Vegas GP,Las Vegas,22,Yuki Tsunoda,RB,1,10,21.168
22,Heineken Silver Las Vegas GP,Las Vegas,22,Yuki Tsunoda,RB,2,29,21.208
22,Heineken Silver Las Vegas GP,Las Vegas,23,Alexander Albon,Williams,1,9,22.012
22,Heineken Silver Las Vegas GP,Las Vegas,24,Guanyu Zhou,Kick Sauber,1,11,22.96
22,Heineken Silver Las Vegas GP,Las Vegas,24,Guanyu Zhou,Kick Sauber,2,34,21.761
22,Heineken Silver Las Vegas GP,Las Vegas,27,Nico Hulkenberg,Haas,1,14,21.511
22,Heineken Silver Las Vegas GP,Las Vegas,27,Nico Hulkenberg,Haas,2,33,21.702
22,Heineken Silver Las Vegas GP,Las Vegas,30,Liam Lawson,RB,1,11,21.049
22,Heineken Silver Las Vegas GP,Las Vegas,30,Liam Lawson,RB,2,38,20.642
22,Heineken Silver Las Vegas GP,Las Vegas,31,Esteban Ocon,Alpine,1,11,15.79
22,Heineken Silver Las Vegas GP,Las Vegas,31,Esteban Ocon,Alpine,2,12,21.142
22,Heineken Silver Las Vegas GP,Las Vegas,31,Esteban Ocon,Alpine,3,45,21.858
22,Heineken Silver Las Vegas GP,Las Vegas,43,Franco Colapinto,Williams,1,16,21.17
22,Heineken Silver Las Vegas GP,Las Vegas,43,Franco Colapinto,Williams,2,26,21.221
22,Heineken Silver Las Vegas GP,Las Vegas,44,Lewis Hamilton,Mercedes,1,13,21.067
22,Heineken Silver Las Vegas GP,Las Vegas,44,Lewis Hamilton,Mercedes,2,27,21.355
22,Heineken Silver Las Vegas GP,Las Vegas,55,Carlos Sainz,Ferrari,1,10,21.048
22,Heineken Silver Las Vegas GP,Las Vegas,55,Carlos Sainz,Ferrari,2,28,20.879
22,Heineken Silver Las Vegas GP,Las Vegas,63,George Russell,Mercedes,1,12,21.072
22,Heineken Silver Las Vegas GP,Las Vegas,63,George Russell,Mercedes,2,32,20.975
22,Heineken Silver Las Vegas GP,Las Vegas,77,Valtteri Bottas,Kick Sauber,1,17,21.623
22,Heineken Silver Las Vegas GP,Las Vegas,77,Valtteri Bottas,Kick Sauber,2,35,22.821
22,Heineken Silver Las Vegas GP,Las Vegas,81,Oscar Piastri,McLaren,1,10,27.732
22,Heineken Silver Las Vegas GP,Las Vegas,81,Oscar Piastri,McLaren,2,25,21.082
23,Qatar Airways Qatar GP,Qatar,1,Max Verstappen,Red Bull,1,35,28.303
23,Qatar Airways Qatar GP,Qatar,1,Max Verstappen,Red Bull,2,36,23.884
23,Qatar Airways Qatar GP,Qatar,1,Max Verstappen,Red Bull,3,37,22.703
23,Qatar Airways Qatar GP,Qatar,4,Lando Norris,McLaren,1,35,28.024
23,Qatar Airways Qatar GP,Qatar,4,Lando Norris,McLaren,2,36,25.592
23,Qatar Airways Qatar GP,Qatar,4,Lando Norris,McLaren,3,37,28.746
23,Qatar Airways Qatar GP,Qatar,4,Lando Norris,McLaren,4,45,36.069
23,Qatar Airways Qatar GP,Qatar,10,Pierre Gasly,Alpine,1,35,28.792
23,Qatar Airways Qatar GP,Qatar,10,Pierre Gasly,Alpine,2,36,22.717
23,Qatar Airways Qatar GP,Qatar,10,Pierre Gasly,Alpine,3,37,30.488
23,Qatar Airways Qatar GP,Qatar,11,Sergio Perez,Red Bull,1,35,28.088
23,Qatar Airways Qatar GP,Qatar,11,Sergio Perez,Red Bull,2,36,22.705
23,Qatar Airways Qatar GP,Qatar,11,Sergio Perez,Red Bull,3,37,29.459
23,Qatar Airways Qatar GP,Qatar,14,Fernando Alonso,Aston Martin,1,35,28.628
23,Qatar Airways Qatar GP,Qatar,14,Fernando Alonso,Aston Martin,2,36,28.592
23,Qatar Airways Qatar GP,Qatar,14,Fernando Alonso,Aston Martin,3,37,32.811
23,Qatar Airways Qatar GP,Qatar,16,Charles Leclerc,Ferrari,1,35,28.46
23,Qatar Airways Qatar GP,Qatar,16,Charles Leclerc,Ferrari,2,36,25.675
23,Qatar Airways Qatar GP,Qatar,16,Charles Leclerc,Ferrari,3,37,28.983
23,Qatar Airways Qatar GP,Qatar,18,Lance Stroll,Aston Martin,1,1,29.783
23,Qatar Airways Qatar GP,Qatar,18,Lance Stroll,Aston Martin,2,7,41.674
23,Qatar Airways Qatar GP,Qatar,20,Kevin Magnussen,Haas,1,27,28.543
23,Qatar Airways Qatar GP,Qatar,20,Kevin Magnussen,Haas,2,36,22.696
23,Qatar Airways Qatar GP,Qatar,20,Kevin Magnussen,Haas,3,37,33.363
23,Qatar Airways Qatar GP,Qatar,22,Yuki Tsunoda,RB,1,35,29.024
23,Qatar Airways Qatar GP,Qatar,22,Yuki Tsunoda,RB,2,36,22.714
23,Qatar Airways Qatar GP,Qatar,22,Yuki Tsunoda,RB,3,37,35.849
23,Qatar Airways Qatar GP,Qatar,22,Yuki Tsunoda,RB,4,40,29.271
23,Qatar Airways Qatar GP,Qatar,23,Alexander Albon,Williams,1,35,29.179
23,Qatar Airways Qatar GP,Qatar,23,Alexander Albon,Williams,2,36,22.71
23,Qatar Airways Qatar GP,Qatar,23,Alexander Albon,Williams,3,37,36.548
23,Qatar Airways Qatar GP,Qatar,23,Alexander Albon,Williams,4,55,39.687
23,Qatar Airways Qatar GP,Qatar,24,Guanyu Zhou,Kick Sauber,1,35,29.085
23,Qatar Airways Qatar GP,Qatar,24,Guanyu Zhou,Kick Sauber,2,36,23.228
23,Qatar Airways Qatar GP,Qatar,24,Guanyu Zhou,Kick Sauber,3,37,34.818
23,Qatar Airways Qatar GP,Qatar,27,Nico Hulkenberg,Haas,1,1,32.957
23,Qatar Airways Qatar GP,Qatar,27,Nico Hulkenberg,Haas,2,31,28.343
23,Qatar Airways Qatar GP,Qatar,27,Nico Hulkenberg,Haas,3,36,23.81
23,Qatar Airways Qatar GP,Qatar,27,Nico Hulkenberg,Haas,4,37,37.692
23,Qatar Airways Qatar GP,Qatar,30,Liam Lawson,RB,1,35,45.049
23,Qatar Airways Qatar GP,Qatar,30,Liam Lawson,RB,2,36,22.737
23,Qatar Airways Qatar GP,Qatar,30,Liam Lawson,RB,3,37,26.79
23,Qatar Airways Qatar GP,Qatar,30,Liam Lawson,RB,4,40,34.655
23,Qatar Airways Qatar GP,Qatar,44,Lewis Hamilton,Mercedes,1,34,37.915
23,Qatar Airways Qatar GP,Qatar,44,Lewis Hamilton,Mercedes,2,35,23.412
23,Qatar Airways Qatar GP,Qatar,44,Lewis Hamilton,Mercedes,3,36,26.815
23,Qatar Airways Qatar GP,Qatar,44,Lewis Hamilton,Mercedes,4,47,22.705
23,Qatar Airways Qatar GP,Qatar,55,Carlos Sainz,Ferrari,1,34,36.143
23,Qatar Airways Qatar GP,Qatar,55,Carlos Sainz,Ferrari,2,36,22.776
23,Qatar Airways Qatar GP,Qatar,55,Carlos Sainz,Ferrari,3,37,34.356
23,Qatar Airways Qatar GP,Qatar,63,George Russell,Mercedes,1,23,32.309
23,Qatar Airways Qatar GP,Qatar,63,George Russell,Mercedes,2,35,27.87
23,Qatar Airways Qatar GP,Qatar,63,George Russell,Mercedes,3,36,22.763
23,Qatar Airways Qatar GP,Qatar,63,George Russell,Mercedes,4,37,34.037
23,Qatar Airways Qatar GP,Qatar,77,Valtteri Bottas,Kick Sauber,1,24,29.034
23,Qatar Airways Qatar GP,Qatar,77,Valtteri Bottas,Kick Sauber,2,35,28.968
23,Qatar Airways Qatar GP,Qatar,77,Valtteri Bottas,Kick Sauber,3,36,28.14
23,Qatar Airways Qatar GP,Qatar,81,Oscar Piastri,McLaren,1,34,27.818
23,Qatar Airways Qatar GP,Qatar,81,Oscar Piastri,McLaren,2,36,22.867
23,Qatar Airways Qatar GP,Qatar,81,Oscar Piastri,McLaren,3,37,29.326
24,Etihad Airways Abu Dhabi GP,Abu Dhabi,1,Max Verstappen,Red Bull,1,29,32.652
24,Etihad Airways Abu Dhabi GP,Abu Dhabi,4,Lando Norris,McLaren,1,26,21.276
24,Etihad Airways Abu Dhabi GP,Abu Dhabi,10,Pierre Gasly,Alpine,1,14,22.059
24,Etihad Airways Abu Dhabi GP,Abu Dhabi,14,Fernando Alonso,Aston Martin,1,13,23.326
24,Etihad Airways Abu Dhabi GP,Abu Dhabi,14,Fernando Alonso,Aston Martin,2,37,22.437
24,Etihad Airways Abu Dhabi GP,Abu Dhabi,16,Charles Leclerc,Ferrari,1,20,21.869
24,Etihad Airways Abu Dhabi GP,Abu Dhabi,18,Lance Stroll,Aston Martin,1,11,23.266
24,Etihad Airways Abu Dhabi GP,Abu Dhabi,18,Lance Stroll,Aston Martin,2,32,22.053
24,Etihad Airways Abu Dhabi GP,Abu Dhabi,20,Kevin Magnussen,Haas,1,12,26.363
24,Etihad Airways Abu Dhabi GP,Abu Dhabi,20,Kevin Magnussen,Haas,2,29,21.678
24,Etihad Airways Abu Dhabi GP,Abu Dhabi,20,Kevin Magnussen,Haas,3,30,22.815
24,Etihad Airways Abu Dhabi GP,Abu Dhabi,20,Kevin Magnussen,Haas,4,55,22.09
24,Etihad Airways Abu Dhabi GP,Abu Dhabi,22,Yuki Tsunoda,RB,1,22,21.869
24,Etihad Airways Abu Dhabi GP,Abu Dhabi,23,Alexander Albon,Williams,1,12,22.065
24,Etihad Airways Abu Dhabi GP,Abu Dhabi,24,Guanyu Zhou,Kick Sauber,1,12,23.024
24,Etihad Airways Abu Dhabi GP,Abu Dhabi,24,Guanyu Zhou,Kick Sauber,2,39,28.765
24,Etihad Airways Abu Dhabi GP,Abu Dhabi,27,Nico Hulkenberg,Haas,1,13,21.53
24,Etihad Airways Abu Dhabi GP,Abu Dhabi,30,Liam Lawson,RB,1,23,23.415
24,Etihad Airways Abu Dhabi GP,Abu Dhabi,30,Liam Lawson,RB,2,24,22.565
24,Etihad Airways Abu Dhabi GP,Abu Dhabi,30,Liam Lawson,RB,3,29,32.317
24,Etihad Airways Abu Dhabi GP,Abu Dhabi,43,Franco Colapinto,Williams,1,3,24.941
24,Etihad Airways Abu Dhabi GP,Abu Dhabi,44,Lewis Hamilton,Mercedes,1,34,21.694
24,Etihad Airways Abu Dhabi GP,Abu Dhabi,55,Carlos Sainz,Ferrari,1,25,21.28
24,Etihad Airways Abu Dhabi GP,Abu Dhabi,61,Jack Doohan,Alpine,1,22,22.08
24,Etihad Airways Abu Dhabi GP,Abu Dhabi,63,George Russell,Mercedes,1,26,21.656
24,Etihad Airways Abu Dhabi GP,Abu Dhabi,77,Valtteri Bottas,Kick Sauber,1,6,41.144
24,Etihad Airways Abu Dhabi GP,Abu Dhabi,81,Oscar Piastri,McLaren,1,4,23.582
24,Etihad Airways Abu Dhabi GP,Abu Dhabi,81,Oscar Piastri,McLaren,2,32,32.774
